"","STATEFP10","COUNTYFP10","TRACTCE10","GEOID10","NAME10","NAMELSAD10","MTFCC10","FUNCSTAT10","ALAND10","AWATER10","INTPTLAT10","INTPTLON10"
"0","36","047","031500","36047031500","315","Census Tract 315","G5020","S",179759,0,"+40.6769054","-073.9499241"
"1","36","047","031701","36047031701","317.01","Census Tract 317.01","G5020","S",139741,0,"+40.6738669","-073.9501241"
"2","36","047","031702","36047031702","317.02","Census Tract 317.02","G5020","S",139786,0,"+40.6711930","-073.9503750"
"3","36","047","031900","36047031900","319","Census Tract 319","G5020","S",151345,0,"+40.6668852","-073.9493978"
"4","36","047","032100","36047032100","321","Census Tract 321","G5020","S",160096,0,"+40.6668692","-073.9521834"
"5","36","047","032300","36047032300","323","Census Tract 323","G5020","S",173047,0,"+40.6665474","-073.9550745"
"6","36","047","032500","36047032500","325","Census Tract 325","G5020","S",168410,0,"+40.6672983","-073.9577655"
"7","36","047","032600","36047032600","326","Census Tract 326","G5020","S",329022,0,"+40.5765299","-073.9882138"
"8","36","047","032700","36047032700","327","Census Tract 327","G5020","S",177080,0,"+40.6626465","-073.9587961"
"9","36","047","032800","36047032800","328","Census Tract 328","G5020","S",232840,0,"+40.5763672","-073.9976847"
"10","36","047","032900","36047032900","329","Census Tract 329","G5020","S",156418,0,"+40.6632636","-073.9484196"
"11","36","047","033000","36047033000","330","Census Tract 330","G5020","S",338556,152595,"+40.5801748","-073.9994611"
"12","36","047","033100","36047033100","331","Census Tract 331","G5020","S",142464,0,"+40.6641582","-073.9420074"
"13","36","047","033300","36047033300","333","Census Tract 333","G5020","S",186338,0,"+40.6658373","-073.9425263"
"14","36","047","033500","36047033500","335","Census Tract 335","G5020","S",180682,0,"+40.6675941","-073.9423885"
"15","36","047","033600","36047033600","336","Census Tract 336","G5020","S",677706,1096302,"+40.5759939","-074.0085888"
"16","36","047","033700","36047033700","337","Census Tract 337","G5020","S",197590,0,"+40.6694017","-073.9421815"
"17","36","047","033900","36047033900","339","Census Tract 339","G5020","S",180739,0,"+40.6712119","-073.9420151"
"18","36","047","034000","36047034000","340","Census Tract 340","G5020","S",129694,0,"+40.5723223","-073.9964764"
"19","36","047","034100","36047034100","341","Census Tract 341","G5020","S",139771,0,"+40.6735662","-073.9445868"
"20","36","047","034200","36047034200","342","Census Tract 342","G5020","S",229959,0,"+40.5741077","-073.9968627"
"21","36","047","034300","36047034300","343","Census Tract 343","G5020","S",162149,0,"+40.6735030","-073.9388377"
"22","36","047","034500","36047034500","345","Census Tract 345","G5020","S",163599,0,"+40.6732279","-073.9336927"
"23","36","047","034700","36047034700","347","Census Tract 347","G5020","S",139778,0,"+40.6726583","-073.9279722"
"24","36","047","034900","36047034900","349","Census Tract 349","G5020","S",163209,0,"+40.6682771","-073.9297783"
"25","36","047","035000","36047035000","350","Census Tract 350","G5020","S",196319,0,"+40.5775689","-073.9789089"
"26","36","047","035100","36047035100","351","Census Tract 351","G5020","S",163012,0,"+40.6684292","-073.9325474"
"27","36","047","053400","36047053400","534","Census Tract 534","G5020","S",173380,0,"+40.6225826","-073.9628302"
"28","36","047","053500","36047053500","535","Census Tract 535","G5020","S",129701,0,"+40.7061428","-073.9612325"
"29","36","047","053700","36047053700","537","Census Tract 537","G5020","S",167461,0,"+40.7002982","-073.9599545"
"30","36","047","053800","36047053800","538","Census Tract 538","G5020","S",164451,0,"+40.6181982","-073.9568350"
"31","36","047","053900","36047053900","539","Census Tract 539","G5020","S",101379,0,"+40.7026477","-073.9625587"
"32","36","047","054200","36047054200","542","Census Tract 542","G5020","S",189169,0,"+40.6128027","-073.9609790"
"33","36","047","054300","36047054300","543","Census Tract 543","G5020","S",1051763,353823,"+40.7000615","-073.9714263"
"34","36","047","054400","36047054400","544","Census Tract 544","G5020","S",190004,0,"+40.6132196","-073.9571904"
"35","36","047","054500","36047054500","545","Census Tract 545","G5020","S",167760,0,"+40.7052376","-073.9652860"
"36","36","047","054700","36047054700","547","Census Tract 547","G5020","S",168436,0,"+40.7085181","-073.9665621"
"37","36","047","054800","36047054800","548","Census Tract 548","G5020","S",173220,0,"+40.6092526","-073.9483771"
"38","36","047","054900","36047054900","549","Census Tract 549","G5020","S",195118,0,"+40.7111716","-073.9657308"
"39","36","047","055000","36047055000","550","Census Tract 550","G5020","S",179814,0,"+40.6087339","-073.9523174"
"40","36","047","055100","36047055100","551","Census Tract 551","G5020","S",231586,0,"+40.7139593","-073.9644095"
"41","36","047","055200","36047055200","552","Census Tract 552","G5020","S",167671,0,"+40.6083096","-073.9562588"
"42","36","047","055300","36047055300","553","Census Tract 553","G5020","S",156270,0,"+40.7164576","-073.9592358"
"43","36","047","055400","36047055400","554","Census Tract 554","G5020","S",169301,0,"+40.6078701","-073.9600716"
"44","36","047","055500","36047055500","555","Census Tract 555","G5020","S",261679,0,"+40.7180847","-073.9632609"
"45","36","047","055600","36047055600","556","Census Tract 556","G5020","S",193199,0,"+40.6031609","-073.9594057"
"46","36","047","055700","36047055700","557","Census Tract 557","G5020","S",282494,0,"+40.7219984","-073.9593366"
"47","36","047","055800","36047055800","558","Census Tract 558","G5020","S",171625,0,"+40.6036536","-073.9553779"
"48","36","047","056000","36047056000","560","Census Tract 560","G5020","S",184752,0,"+40.6040855","-073.9514358"
"49","36","047","056200","36047056200","562","Census Tract 562","G5020","S",170814,0,"+40.6045181","-073.9475034"
"50","36","047","056300","36047056300","563","Census Tract 563","G5020","S",389752,33280,"+40.7351198","-073.9592518"
"51","36","047","056400","36047056400","564","Census Tract 564","G5020","S",183221,0,"+40.6069158","-073.9433735"
"52","36","047","048600","36047048600","486","Census Tract 486","G5020","S",175438,0,"+40.6389191","-073.9784252"
"53","36","047","048800","36047048800","488","Census Tract 488","G5020","S",143330,0,"+40.6404769","-073.9762086"
"54","36","047","048900","36047048900","489","Census Tract 489","G5020","S",91612,0,"+40.7029213","-073.9392589"
"55","36","047","049000","36047049000","490","Census Tract 490","G5020","S",192757,0,"+40.6381165","-073.9730214"
"56","36","047","049100","36047049100","491","Census Tract 491","G5020","S",213163,0,"+40.7035729","-073.9440999"
"57","36","047","049200","36047049200","492","Census Tract 492","G5020","S",165331,0,"+40.6409070","-073.9702046"
"58","36","047","066600","36047066600","666","Census Tract 666","G5020","S",4347976,5514889,"+40.5850613","-073.9184685"
"59","36","047","075800","36047075800","758","Census Tract 758","G5020","S",205258,0,"+40.6164751","-073.9519619"
"60","36","047","000100","36047000100","1","Census Tract 1","G5020","S",223438,0,"+40.7002830","-073.9940308"
"61","36","047","000200","36047000200","2","Census Tract 2","G5020","S",291115,0,"+40.6532132","-074.0109709"
"62","36","047","000301","36047000301","3.01","Census Tract 3.01","G5020","S",214944,0,"+40.6964163","-073.9974952"
"63","36","047","000700","36047000700","7","Census Tract 7","G5020","S",174195,0,"+40.6923198","-073.9972990"
"64","36","047","000900","36047000900","9","Census Tract 9","G5020","S",161375,0,"+40.6917355","-073.9916274"
"65","36","047","001100","36047001100","11","Census Tract 11","G5020","S",168510,0,"+40.6932904","-073.9877086"
"66","36","047","001300","36047001300","13","Census Tract 13","G5020","S",291971,0,"+40.6976319","-073.9883899"
"67","36","047","001800","36047001800","18","Census Tract 18","G5020","S",2386983,4418800,"+40.6544179","-074.0189565"
"68","36","047","002000","36047002000","20","Census Tract 20","G5020","S",154110,0,"+40.6480502","-074.0159179"
"69","36","047","002100","36047002100","21","Census Tract 21","G5020","S",494557,14550,"+40.7027774","-073.9871401"
"70","36","047","018800","36047018800","188","Census Tract 188","G5020","S",175213,0,"+40.6174779","-074.0027400"
"71","36","047","019000","36047019000","190","Census Tract 190","G5020","S",212934,0,"+40.6210380","-074.0003857"
"72","36","047","019100","36047019100","191","Census Tract 191","G5020","S",250113,0,"+40.6952370","-073.9643647"
"73","36","047","019200","36047019200","192","Census Tract 192","G5020","S",189790,0,"+40.6284585","-073.9989281"
"74","36","047","019300","36047019300","193","Census Tract 193","G5020","S",269727,0,"+40.6912795","-073.9626407"
"75","36","047","019400","36047019400","194","Census Tract 194","G5020","S",178420,0,"+40.6258369","-074.0011077"
"76","36","047","019500","36047019500","195","Census Tract 195","G5020","S",137020,0,"+40.6914101","-073.9674998"
"77","36","047","019600","36047019600","196","Census Tract 196","G5020","S",188307,0,"+40.6234234","-074.0041850"
"78","36","047","019700","36047019700","197","Census Tract 197","G5020","S",169827,0,"+40.6880023","-073.9667468"
"79","36","047","019800","36047019800","198","Census Tract 198","G5020","S",134715,0,"+40.6193594","-074.0066177"
"80","36","047","019900","36047019900","199","Census Tract 199","G5020","S",188914,0,"+40.6840329","-073.9669265"
"81","36","047","020000","36047020000","200","Census Tract 200","G5020","S",134858,0,"+40.6206890","-074.0088197"
"82","36","047","020100","36047020100","201","Census Tract 201","G5020","S",175379,0,"+40.6838477","-073.9633875"
"83","36","047","020200","36047020200","202","Census Tract 202","G5020","S",134828,0,"+40.6220200","-074.0110215"
"84","36","047","020300","36047020300","203","Census Tract 203","G5020","S",140848,0,"+40.6799568","-073.9648123"
"85","36","047","020400","36047020400","204","Census Tract 204","G5020","S",134801,0,"+40.6233502","-074.0132239"
"86","36","047","020500","36047020500","205","Census Tract 205","G5020","S",159711,0,"+40.6774755","-073.9657037"
"87","36","047","020600","36047020600","206","Census Tract 206","G5020","S",170384,0,"+40.6248828","-074.0154401"
"88","36","047","020700","36047020700","207","Census Tract 207","G5020","S",138775,0,"+40.6749426","-073.9666236"
"89","36","047","020800","36047020800","208","Census Tract 208","G5020","S",143316,0,"+40.6259761","-074.0097675"
"90","36","047","021000","36047021000","210","Census Tract 210","G5020","S",150015,0,"+40.6276261","-074.0081561"
"91","36","047","021200","36047021200","212","Census Tract 212","G5020","S",190833,0,"+40.6294745","-074.0058501"
"92","36","047","021300","36047021300","213","Census Tract 213","G5020","S",184156,0,"+40.6683548","-073.9604674"
"93","36","047","021400","36047021400","214","Census Tract 214","G5020","S",167965,0,"+40.6316104","-074.0031816"
"94","36","047","021500","36047021500","215","Census Tract 215","G5020","S",154508,0,"+40.6733640","-073.9633320"
"95","36","047","021600","36047021600","216","Census Tract 216","G5020","S",168178,0,"+40.6327947","-073.9997692"
"96","36","047","021700","36047021700","217","Census Tract 217","G5020","S",119678,0,"+40.6727657","-073.9590257"
"97","36","047","021800","36047021800","218","Census Tract 218","G5020","S",157820,0,"+40.6343541","-073.9978229"
"98","36","047","093000","36047093000","930","Census Tract 930","G5020","S",194229,0,"+40.6499290","-073.9154075"
"99","36","047","093400","36047093400","934","Census Tract 934","G5020","S",177759,0,"+40.6489251","-073.9190149"
"100","36","047","093600","36047093600","936","Census Tract 936","G5020","S",165120,0,"+40.6487962","-073.9215837"
"101","36","047","093800","36047093800","938","Census Tract 938","G5020","S",131105,0,"+40.6504469","-073.9245581"
"102","36","047","094401","36047094401","944.01","Census Tract 944.01","G5020","S",369640,0,"+40.6387394","-073.9229746"
"103","36","047","094402","36047094402","944.02","Census Tract 944.02","G5020","S",106850,0,"+40.6350817","-073.9207804"
"104","36","047","095000","36047095000","950","Census Tract 950","G5020","S",242443,0,"+40.6362487","-073.9171451"
"105","36","047","095400","36047095400","954","Census Tract 954","G5020","S",237026,0,"+40.6389669","-073.9146325"
"106","36","047","095600","36047095600","956","Census Tract 956","G5020","S",237582,0,"+40.6355741","-073.9109186"
"107","36","047","095800","36047095800","958","Census Tract 958","G5020","S",234374,0,"+40.6408221","-073.9116859"
"108","36","047","096000","36047096000","960","Census Tract 960","G5020","S",424226,0,"+40.6459276","-073.9147647"
"109","36","047","096200","36047096200","962","Census Tract 962","G5020","S",178759,0,"+40.6450236","-073.9105137"
"110","36","047","096400","36047096400","964","Census Tract 964","G5020","S",176581,0,"+40.6419501","-073.9072687"
"111","36","047","096600","36047096600","966","Census Tract 966","G5020","S",181211,0,"+40.6406399","-073.9031420"
"112","36","047","096800","36047096800","968","Census Tract 968","G5020","S",149019,0,"+40.6441418","-073.9038769"
"113","36","047","097000","36047097000","970","Census Tract 970","G5020","S",163449,0,"+40.6472600","-073.9073530"
"114","36","047","097400","36047097400","974","Census Tract 974","G5020","S",252350,0,"+40.6469841","-073.8997658"
"115","36","047","098200","36047098200","982","Census Tract 982","G5020","S",345649,0,"+40.6509988","-073.8943666"
"116","36","047","098400","36047098400","984","Census Tract 984","G5020","S",112821,0,"+40.6465779","-073.8917896"
"117","36","047","098600","36047098600","986","Census Tract 986","G5020","S",155971,0,"+40.6449365","-073.8943196"
"118","36","047","098800","36047098800","988","Census Tract 988","G5020","S",161941,0,"+40.6430019","-073.8973153"
"119","36","047","099000","36047099000","990","Census Tract 990","G5020","S",163721,0,"+40.6393703","-073.8985620"
"120","36","047","099200","36047099200","992","Census Tract 992","G5020","S",134602,0,"+40.6374035","-073.9012845"
"121","36","047","099400","36047099400","994","Census Tract 994","G5020","S",173970,0,"+40.6357597","-073.9043993"
"122","36","047","099600","36047099600","996","Census Tract 996","G5020","S",189693,0,"+40.6334438","-073.9077878"
"123","36","047","074600","36047074600","746","Census Tract 746","G5020","S",201074,0,"+40.6186018","-073.9426420"
"124","36","047","074800","36047074800","748","Census Tract 748","G5020","S",176549,0,"+40.6218931","-073.9468957"
"125","36","047","075000","36047075000","750","Census Tract 750","G5020","S",173420,0,"+40.6265678","-073.9487660"
"126","36","047","075200","36047075200","752","Census Tract 752","G5020","S",173194,0,"+40.6261531","-073.9525462"
"127","36","047","075400","36047075400","754","Census Tract 754","G5020","S",173457,0,"+40.6214738","-073.9507115"
"128","36","047","075600","36047075600","756","Census Tract 756","G5020","S",173546,0,"+40.6168562","-073.9479894"
"129","36","047","076000","36047076000","760","Census Tract 760","G5020","S",181582,0,"+40.6213569","-073.9547885"
"130","36","047","076200","36047076200","762","Census Tract 762","G5020","S",188043,0,"+40.6257185","-073.9564859"
"131","36","047","076400","36047076400","764","Census Tract 764","G5020","S",161588,0,"+40.6319262","-073.9586448"
"132","36","047","076600","36047076600","766","Census Tract 766","G5020","S",82578,0,"+40.6331871","-073.9568420"
"133","36","047","077000","36047077000","770","Census Tract 770","G5020","S",163284,0,"+40.6361362","-073.9538295"
"134","36","047","077200","36047077200","772","Census Tract 772","G5020","S",404333,0,"+40.6316094","-073.9531770"
"135","36","047","077400","36047077400","774","Census Tract 774","G5020","S",147764,0,"+40.6316800","-073.9476070"
"136","36","047","077600","36047077600","776","Census Tract 776","G5020","S",186544,0,"+40.6309255","-073.9411361"
"137","36","047","078000","36047078000","780","Census Tract 780","G5020","S",164534,0,"+40.6344979","-073.9391486"
"138","36","047","078200","36047078200","782","Census Tract 782","G5020","S",168304,0,"+40.6378537","-073.9414429"
"139","36","047","078400","36047078400","784","Census Tract 784","G5020","S",167427,0,"+40.6342624","-073.9429558"
"140","36","047","078600","36047078600","786","Census Tract 786","G5020","S",171074,0,"+40.6344140","-073.9470626"
"141","36","047","078800","36047078800","788","Census Tract 788","G5020","S",157109,0,"+40.6374655","-073.9488367"
"142","36","047","079000","36047079000","790","Census Tract 790","G5020","S",182988,0,"+40.6409778","-073.9536967"
"143","36","047","079200","36047079200","792","Census Tract 792","G5020","S",216691,0,"+40.6447642","-073.9549107"
"144","36","047","079400","36047079400","794","Census Tract 794","G5020","S",222181,0,"+40.6486053","-073.9552860"
"145","36","047","080000","36047080000","800","Census Tract 800","G5020","S",173679,0,"+40.6606860","-073.9537667"
"146","36","047","080200","36047080200","802","Census Tract 802","G5020","S",185243,0,"+40.6576399","-073.9534407"
"147","36","047","080400","36047080400","804","Census Tract 804","G5020","S",189757,0,"+40.6589744","-073.9489902"
"148","36","047","080600","36047080600","806","Census Tract 806","G5020","S",166299,0,"+40.6616591","-073.9438615"
"149","36","047","035200","36047035200","352","Census Tract 352","G5020","S",932572,1459248,"+40.5720992","-073.9824606"
"150","36","047","035300","36047035300","353","Census Tract 353","G5020","S",163099,0,"+40.6685796","-073.9353139"
"151","36","047","035400","36047035400","354","Census Tract 354","G5020","S",379058,0,"+40.5801351","-073.9726195"
"152","36","047","035500","36047035500","355","Census Tract 355","G5020","S",138408,0,"+40.6644050","-073.9334722"
"153","36","047","035700","36047035700","357","Census Tract 357","G5020","S",181542,0,"+40.6680351","-073.9268254"
"154","36","047","035900","36047035900","359","Census Tract 359","G5020","S",184121,0,"+40.6704380","-073.9238445"
"155","36","047","036001","36047036001","360.01","Census Tract 360.01","G5020","S",94995,0,"+40.5757857","-073.9655587"
"156","36","047","036002","36047036002","360.02","Census Tract 360.02","G5020","S",86033,0,"+40.5763621","-073.9612376"
"157","36","047","036100","36047036100","361","Census Tract 361","G5020","S",138529,0,"+40.6695878","-073.9199218"
"158","36","047","036200","36047036200","362","Census Tract 362","G5020","S",171107,0,"+40.5781170","-073.9640008"
"159","36","047","036300","36047036300","363","Census Tract 363","G5020","S",259732,0,"+40.6721757","-073.9169923"
"160","36","047","036400","36047036400","364","Census Tract 364","G5020","S",143260,0,"+40.5801614","-073.9638640"
"161","36","047","036501","36047036501","365.01","Census Tract 365.01","G5020","S",126353,0,"+40.6750312","-073.9115137"
"162","36","047","036502","36047036502","365.02","Census Tract 365.02","G5020","S",120493,0,"+40.6747083","-073.9075706"
"163","36","047","036600","36047036600","366","Census Tract 366","G5020","S",232484,0,"+40.5828560","-073.9637871"
"164","36","047","036700","36047036700","367","Census Tract 367","G5020","S",184971,0,"+40.6775488","-073.9046133"
"165","36","047","036900","36047036900","369","Census Tract 369","G5020","S",226736,0,"+40.6796500","-073.9092283"
"166","36","047","037000","36047037000","370","Census Tract 370","G5020","S",337925,0,"+40.5878345","-073.9631544"
"167","36","047","037100","36047037100","371","Census Tract 371","G5020","S",189347,0,"+40.6802873","-073.9138395"
"168","36","047","037300","36047037300","373","Census Tract 373","G5020","S",170809,0,"+40.6839488","-073.9152154"
"169","36","047","037500","36047037500","375","Census Tract 375","G5020","S",158803,0,"+40.6876200","-073.9215167"
"170","36","047","037700","36047037700","377","Census Tract 377","G5020","S",190209,0,"+40.6840883","-073.9201876"
"171","36","047","056500","36047056500","565","Census Tract 565","G5020","S",251567,0,"+40.7301815","-073.9579645"
"172","36","047","056600","36047056600","566","Census Tract 566","G5020","S",171530,0,"+40.6028525","-073.9414035"
"173","36","047","056800","36047056800","568","Census Tract 568","G5020","S",117817,0,"+40.6026717","-073.9378185"
"174","36","047","056900","36047056900","569","Census Tract 569","G5020","S",127730,0,"+40.7237658","-073.9523620"
"175","36","047","057000","36047057000","570","Census Tract 570","G5020","S",262372,0,"+40.5992668","-073.9368826"
"176","36","047","057100","36047057100","571","Census Tract 571","G5020","S",175868,0,"+40.7247836","-073.9476187"
"177","36","047","057200","36047057200","572","Census Tract 572","G5020","S",243629,0,"+40.5963688","-073.9382159"
"178","36","047","057300","36047057300","573","Census Tract 573","G5020","S",170120,0,"+40.7280486","-073.9488298"
"179","36","047","057400","36047057400","574","Census Tract 574","G5020","S",159204,0,"+40.6011498","-073.9443385"
"180","36","047","057500","36047057500","575","Census Tract 575","G5020","S",187271,0,"+40.7321132","-073.9531903"
"181","36","047","057600","36047057600","576","Census Tract 576","G5020","S",158605,0,"+40.5998731","-073.9475710"
"182","36","047","057800","36047057800","578","Census Tract 578","G5020","S",172233,0,"+40.5994398","-073.9515127"
"183","36","047","057900","36047057900","579","Census Tract 579","G5020","S",674383,105807,"+40.7346532","-073.9489587"
"184","36","047","058000","36047058000","580","Census Tract 580","G5020","S",158641,0,"+40.5990068","-073.9554539"
"185","36","047","058200","36047058200","582","Census Tract 582","G5020","S",161534,0,"+40.5985399","-073.9592618"
"186","36","047","058400","36047058400","584","Census Tract 584","G5020","S",188225,0,"+40.5940748","-073.9586719"
"187","36","047","058600","36047058600","586","Census Tract 586","G5020","S",163445,0,"+40.5945637","-073.9546137"
"188","36","047","058800","36047058800","588","Census Tract 588","G5020","S",159609,0,"+40.5896218","-073.9585480"
"189","36","047","058900","36047058900","589","Census Tract 589","G5020","S",436361,41406,"+40.7300502","-073.9405495"
"190","36","047","059000","36047059000","590","Census Tract 590","G5020","S",158486,0,"+40.5899885","-073.9546862"
"191","36","047","059100","36047059100","591","Census Tract 591","G5020","S",190714,0,"+40.7235530","-073.9429265"
"192","36","047","059200","36047059200","592","Census Tract 592","G5020","S",219306,0,"+40.5923379","-073.9514508"
"193","36","047","059300","36047059300","593","Census Tract 593","G5020","S",188108,0,"+40.7259943","-073.9383344"
"194","36","047","059401","36047059401","594.01","Census Tract 594.01","G5020","S",420618,0,"+40.5930119","-073.9476257"
"195","36","047","059402","36047059402","594.02","Census Tract 594.02","G5020","S",322474,0,"+40.5946146","-073.9430181"
"196","36","047","002200","36047002200","22","Census Tract 22","G5020","S",336038,0,"+40.6434736","-074.0217116"
"197","36","047","002300","36047002300","23","Census Tract 23","G5020","S",182005,0,"+40.6995619","-073.9832758"
"198","36","047","002901","36047002901","29.01","Census Tract 29.01","G5020","S",103693,0,"+40.6949037","-073.9780855"
"199","36","047","003000","36047003000","30","Census Tract 30","G5020","S",111959,0,"+40.6389020","-074.0289543"
"200","36","047","003100","36047003100","31","Census Tract 31","G5020","S",288337,0,"+40.6916118","-073.9777174"
"201","36","047","003300","36047003300","33","Census Tract 33","G5020","S",164676,0,"+40.6885118","-073.9781090"
"202","36","047","003400","36047003400","34","Census Tract 34","G5020","S",471406,2540722,"+40.6371117","-074.0376784"
"203","36","047","003500","36047003500","35","Census Tract 35","G5020","S",133027,0,"+40.6853252","-073.9761803"
"204","36","047","003600","36047003600","36","Census Tract 36","G5020","S",125291,0,"+40.6346861","-074.0308979"
"205","36","047","003700","36047003700","37","Census Tract 37","G5020","S",167607,0,"+40.6894050","-073.9847342"
"206","36","047","003800","36047003800","38","Census Tract 38","G5020","S",130340,303655,"+40.6348106","-074.0388187"
"207","36","047","003900","36047003900","39","Census Tract 39","G5020","S",156923,0,"+40.6849013","-073.9808240"
"208","36","047","004100","36047004100","41","Census Tract 41","G5020","S",162018,0,"+40.6865997","-073.9850537"
"209","36","047","004300","36047004300","43","Census Tract 43","G5020","S",166278,0,"+40.6882118","-073.9896017"
"210","36","047","004500","36047004500","45","Census Tract 45","G5020","S",170538,0,"+40.6881460","-073.9952870"
"211","36","047","004700","36047004700","47","Census Tract 47","G5020","S",330370,0,"+40.6884833","-074.0021454"
"212","36","047","060600","36047060600","606","Census Tract 606","G5020","S",180696,0,"+40.5864511","-073.9561684"
"213","36","047","004900","36047004900","49","Census Tract 49","G5020","S",97529,0,"+40.6879988","-073.9984363"
"214","36","047","005000","36047005000","50","Census Tract 50","G5020","S",243589,522565,"+40.6242660","-074.0420766"
"215","36","047","005100","36047005100","51","Census Tract 51","G5020","S",181507,0,"+40.6834631","-074.0034666"
"216","36","047","005201","36047005201","52.01","Census Tract 52.01","G5020","S",143458,182212,"+40.6219461","-074.0419160"
"217","36","047","005202","36047005202","52.02","Census Tract 52.02","G5020","S",147984,419571,"+40.6197601","-074.0414773"
"218","36","047","005400","36047005400","54","Census Tract 54","G5020","S",166652,125902,"+40.6167794","-074.0395213"
"219","36","047","021900","36047021900","219","Census Tract 219","G5020","S",147045,0,"+40.6719739","-073.9552593"
"220","36","047","022000","36047022000","220","Census Tract 220","G5020","S",194279,0,"+40.6361633","-073.9955594"
"221","36","047","022100","36047022100","221","Census Tract 221","G5020","S",149993,0,"+40.6761330","-073.9543632"
"222","36","047","022200","36047022200","222","Census Tract 222","G5020","S",176184,0,"+40.6382394","-073.9929635"
"223","36","047","022400","36047022400","224","Census Tract 224","G5020","S",175565,0,"+40.6405156","-073.9903118"
"224","36","047","022600","36047022600","226","Census Tract 226","G5020","S",156180,0,"+40.6419840","-073.9863474"
"225","36","047","022700","36047022700","227","Census Tract 227","G5020","S",240759,0,"+40.6815079","-073.9572525"
"226","36","047","022800","36047022800","228","Census Tract 228","G5020","S",167373,0,"+40.6391243","-073.9815297"
"227","36","047","022900","36047022900","229","Census Tract 229","G5020","S",171832,0,"+40.6851317","-073.9567616"
"228","36","047","023000","36047023000","230","Census Tract 230","G5020","S",150951,0,"+40.6378160","-073.9842810"
"229","36","047","023100","36047023100","231","Census Tract 231","G5020","S",159414,0,"+40.6857866","-073.9608381"
"230","36","047","023200","36047023200","232","Census Tract 232","G5020","S",226366,0,"+40.6360998","-073.9862206"
"231","36","047","023300","36047023300","233","Census Tract 233","G5020","S",171841,0,"+40.6887957","-073.9574901"
"232","36","047","023400","36047023400","234","Census Tract 234","G5020","S",169783,0,"+40.6338712","-073.9879406"
"233","36","047","023500","36047023500","235","Census Tract 235","G5020","S",141574,0,"+40.6925130","-073.9577849"
"234","36","047","023600","36047023600","236","Census Tract 236","G5020","S",169852,0,"+40.6321905","-073.9896876"
"235","36","047","023800","36047023800","238","Census Tract 238","G5020","S",169884,0,"+40.6305112","-073.9914376"
"236","36","047","024000","36047024000","240","Census Tract 240","G5020","S",169751,0,"+40.6288316","-073.9931862"
"237","36","047","024100","36047024100","241","Census Tract 241","G5020","S",180215,0,"+40.6922221","-073.9538035"
"238","36","047","024200","36047024200","242","Census Tract 242","G5020","S",191453,0,"+40.6258678","-073.9928098"
"239","36","047","024300","36047024300","243","Census Tract 243","G5020","S",154349,0,"+40.6874555","-073.9528560"
"240","36","047","024400","36047024400","244","Census Tract 244","G5020","S",155278,0,"+40.6217475","-073.9862364"
"241","36","047","024500","36047024500","245","Census Tract 245","G5020","S",166849,0,"+40.6828810","-073.9519012"
"242","36","047","024600","36047024600","246","Census Tract 246","G5020","S",172880,0,"+40.6181698","-073.9811393"
"243","36","047","024700","36047024700","247","Census Tract 247","G5020","S",182167,0,"+40.6794357","-073.9493245"
"244","36","047","024800","36047024800","248","Census Tract 248","G5020","S",176029,0,"+40.6213629","-073.9899931"
"245","36","047","024900","36047024900","249","Census Tract 249","G5020","S",168496,0,"+40.6829833","-073.9483904"
"246","36","047","099800","36047099800","998","Census Tract 998","G5020","S",419733,69968,"+40.6295432","-073.9094498"
"247","36","047","100400","36047100400","1004","Census Tract 1004","G5020","S",132054,0,"+40.6306493","-073.9038000"
"248","36","047","100600","36047100600","1006","Census Tract 1006","G5020","S",152116,0,"+40.6322533","-073.9008897"
"249","36","047","100800","36047100800","1008","Census Tract 1008","G5020","S",148898,0,"+40.6341331","-073.8980664"
"250","36","047","101000","36047101000","1010","Census Tract 1010","G5020","S",171343,0,"+40.6360282","-073.8949720"
"251","36","047","101200","36047101200","1012","Census Tract 1012","G5020","S",160761,0,"+40.6397265","-073.8936677"
"252","36","047","101400","36047101400","1014","Census Tract 1014","G5020","S",154954,0,"+40.6416626","-073.8906734"
"253","36","047","101600","36047101600","1016","Census Tract 1016","G5020","S",112418,0,"+40.6433030","-073.8881409"
"254","36","047","101800","36047101800","1018","Census Tract 1018","G5020","S",281602,0,"+40.6438530","-073.8867595"
"255","36","047","102000","36047102000","1020","Census Tract 1020","G5020","S",157042,0,"+40.6383785","-073.8870181"
"256","36","047","102200","36047102200","1022","Census Tract 1022","G5020","S",162849,0,"+40.6364413","-073.8900106"
"257","36","047","102400","36047102400","1024","Census Tract 1024","G5020","S",143125,0,"+40.6329284","-073.8932756"
"258","36","047","102600","36047102600","1026","Census Tract 1026","G5020","S",135920,0,"+40.6296068","-073.8984805"
"259","36","047","102800","36047102800","1028","Census Tract 1028","G5020","S",1018899,217136,"+40.6271511","-073.8949624"
"260","36","047","103400","36047103400","1034","Census Tract 1034","G5020","S",664490,222181,"+40.6333888","-073.8805458"
"261","36","047","107000","36047107000","1070","Census Tract 1070","G5020","S",3013938,1004292,"+40.6487051","-073.8640437"
"262","36","047","107800","36047107800","1078","Census Tract 1078","G5020","S",506529,0,"+40.6588417","-073.8759590"
"263","36","047","109800","36047109800","1098","Census Tract 1098","G5020","S",855050,0,"+40.6526645","-073.9016511"
"264","36","047","110600","36047110600","1106","Census Tract 1106","G5020","S",171053,0,"+40.6573142","-073.8842981"
"265","36","047","111000","36047111000","1110","Census Tract 1110","G5020","S",123227,0,"+40.6605446","-073.8813458"
"266","36","047","111800","36047111800","1118","Census Tract 1118","G5020","S",162309,0,"+40.6687567","-073.8760180"
"267","36","047","112000","36047112000","1120","Census Tract 1120","G5020","S",173004,0,"+40.6666275","-073.8805197"
"268","36","047","112200","36047112200","1122","Census Tract 1122","G5020","S",162285,0,"+40.6637279","-073.8859223"
"269","36","047","112400","36047112400","1124","Census Tract 1124","G5020","S",177849,0,"+40.6660037","-073.8871536"
"270","36","047","081000","36047081000","810","Census Tract 810","G5020","S",162416,0,"+40.6591131","-073.9445488"
"271","36","047","081400","36047081400","814","Census Tract 814","G5020","S",170174,0,"+40.6536407","-073.9402380"
"272","36","047","081600","36047081600","816","Census Tract 816","G5020","S",179640,0,"+40.6535296","-073.9442053"
"273","36","047","081800","36047081800","818","Census Tract 818","G5020","S",157918,0,"+40.6530923","-073.9479752"
"274","36","047","114400","36047114400","1144","Census Tract 1144","G5020","S",429740,0,"+40.6728086","-073.8985501"
"275","36","047","011900","36047011900","119","Census Tract 119","G5020","S",661722,58835,"+40.6752052","-073.9893392"
"276","36","047","015200","36047015200","152","Census Tract 152","G5020","S",266870,0,"+40.6145083","-074.0244624"
"277","36","047","016600","36047016600","166","Census Tract 166","G5020","S",266930,0,"+40.6187031","-074.0162624"
"278","36","047","021100","36047021100","211","Census Tract 211","G5020","S",192426,0,"+40.6970778","-073.9750471"
"279","36","047","048500","36047048500","485","Census Tract 485","G5020","S",580952,0,"+40.7078400","-073.9363492"
"280","36","047","056100","36047056100","561","Census Tract 561","G5020","S",341542,25809,"+40.7261911","-073.9569235"
"281","36","047","062000","36047062000","620","Census Tract 620","G5020","S",323043,31332,"+40.5788518","-073.9460579"
"282","36","047","080800","36047080800","808","Census Tract 808","G5020","S",321837,0,"+40.6573033","-073.9394864"
"283","36","047","092400","36047092400","924","Census Tract 924","G5020","S",251687,0,"+40.6669331","-073.9114794"
"284","36","047","093200","36047093200","932","Census Tract 932","G5020","S",279758,0,"+40.6375696","-073.9295165"
"285","36","047","110400","36047110400","1104","Census Tract 1104","G5020","S",744232,0,"+40.6574132","-073.8887708"
"286","36","047","111600","36047111600","1116","Census Tract 1116","G5020","S",499693,0,"+40.6638632","-073.8756882"
"287","36","047","123700","36047123700","1237","Census Tract 1237","G5020","S",321360,0,"+40.6967384","-073.9567404"
"288","36","047","150200","36047150200","1502","Census Tract 1502","G5020","S",317241,0,"+40.6546671","-073.9813210"
"289","36","047","004400","36047004400","44","Census Tract 44","G5020","S",430932,813183,"+40.6296061","-074.0413036"
"290","36","047","005300","36047005300","53","Census Tract 53","G5020","S",1648060,5593268,"+40.6770890","-074.0183485"
"291","36","047","037900","36047037900","379","Census Tract 379","G5020","S",183761,0,"+40.6804989","-073.9193657"
"292","36","047","038100","36047038100","381","Census Tract 381","G5020","S",239523,0,"+40.6810478","-073.9254263"
"293","36","047","038200","36047038200","382","Census Tract 382","G5020","S",233109,0,"+40.5915231","-073.9814840"
"294","36","047","038300","36047038300","383","Census Tract 383","G5020","S",174539,0,"+40.6845246","-073.9262056"
"295","36","047","038500","36047038500","385","Census Tract 385","G5020","S",174443,0,"+40.6874554","-073.9267891"
"296","36","047","038600","36047038600","386","Census Tract 386","G5020","S",251368,0,"+40.5923501","-073.9751117"
"297","36","047","038700","36047038700","387","Census Tract 387","G5020","S",188275,0,"+40.6905393","-073.9277496"
"298","36","047","038800","36047038800","388","Census Tract 388","G5020","S",197933,0,"+40.5929248","-073.9692516"
"299","36","047","038900","36047038900","389","Census Tract 389","G5020","S",162908,0,"+40.6994385","-073.9372346"
"300","36","047","039000","36047039000","390","Census Tract 390","G5020","S",173840,0,"+40.5929694","-073.9644266"
"301","36","047","039100","36047039100","391","Census Tract 391","G5020","S",166173,0,"+40.6997950","-073.9336550"
"302","36","047","039200","36047039200","392","Census Tract 392","G5020","S",174605,0,"+40.5958500","-073.9630396"
"303","36","047","039300","36047039300","393","Census Tract 393","G5020","S",189620,0,"+40.6956279","-073.9300046"
"304","36","047","039400","36047039400","394","Census Tract 394","G5020","S",192090,0,"+40.5984930","-073.9650691"
"305","36","047","039500","36047039500","395","Census Tract 395","G5020","S",159720,0,"+40.6929683","-073.9247375"
"306","36","047","039600","36047039600","396","Census Tract 396","G5020","S",163301,0,"+40.5973496","-073.9697067"
"307","36","047","039700","36047039700","397","Census Tract 397","G5020","S",159158,0,"+40.6889488","-073.9191404"
"308","36","047","039800","36047039800","398","Census Tract 398","G5020","S",202901,0,"+40.5954468","-073.9755124"
"309","36","047","039900","36047039900","399","Census Tract 399","G5020","S",151236,0,"+40.6902356","-073.9175530"
"310","36","047","040000","36047040000","400","Census Tract 400","G5020","S",192000,0,"+40.5978088","-073.9761352"
"311","36","047","040100","36047040100","401","Census Tract 401","G5020","S",159606,0,"+40.6864591","-073.9127408"
"312","36","047","040200","36047040200","402","Census Tract 402","G5020","S",197509,0,"+40.5960009","-073.9827234"
"313","36","047","040300","36047040300","403","Census Tract 403","G5020","S",210275,0,"+40.6845226","-073.9082094"
"314","36","047","059600","36047059600","596","Census Tract 596","G5020","S",173084,0,"+40.5910968","-073.9400566"
"315","36","047","059800","36047059800","598","Census Tract 598","G5020","S",199216,0,"+40.5878962","-073.9362265"
"316","36","047","119000","36047119000","1190","Census Tract 1190","G5020","S",140470,0,"+40.6790579","-073.8716142"
"317","36","047","060000","36047060000","600","Census Tract 600","G5020","S",439917,0,"+40.5870743","-073.9456922"
"318","36","047","060800","36047060800","608","Census Tract 608","G5020","S",399623,120598,"+40.5839493","-073.9490961"
"319","36","047","062800","36047062800","628","Census Tract 628","G5020","S",784606,259263,"+40.5895880","-073.9273296"
"320","36","047","061200","36047061200","612","Census Tract 612","G5020","S",198236,39403,"+40.5808755","-073.9493716"
"321","36","047","062200","36047062200","622","Census Tract 622","G5020","S",243250,111635,"+40.5849950","-073.9355821"
"322","36","047","062600","36047062600","626","Census Tract 626","G5020","S",318165,0,"+40.5923335","-073.9344391"
"323","36","047","063200","36047063200","632","Census Tract 632","G5020","S",117438,0,"+40.5997604","-073.9315683"
"324","36","047","063600","36047063600","636","Census Tract 636","G5020","S",114322,0,"+40.6099355","-073.9361433"
"325","36","047","063800","36047063800","638","Census Tract 638","G5020","S",139202,0,"+40.6080740","-073.9403000"
"326","36","047","064000","36047064000","640","Census Tract 640","G5020","S",153401,0,"+40.6109971","-073.9402463"
"327","36","047","064200","36047064200","642","Census Tract 642","G5020","S",235070,0,"+40.6121974","-073.9463939"
"328","36","047","064400","36047064400","644","Census Tract 644","G5020","S",199333,0,"+40.6137965","-073.9424791"
"329","36","047","064600","36047064600","646","Census Tract 646","G5020","S",165636,0,"+40.6159147","-073.9395351"
"330","36","047","064800","36047064800","648","Census Tract 648","G5020","S",151522,0,"+40.6176898","-073.9364602"
"331","36","047","065000","36047065000","650","Census Tract 650","G5020","S",166228,0,"+40.6199785","-073.9336466"
"332","36","047","065200","36047065200","652","Census Tract 652","G5020","S",174713,0,"+40.6147620","-073.9300726"
"333","36","047","065400","36047065400","654","Census Tract 654","G5020","S",151523,0,"+40.6129487","-073.9318078"
"334","36","047","065600","36047065600","656","Census Tract 656","G5020","S",153578,0,"+40.6130109","-073.9349822"
"335","36","047","065800","36047065800","658","Census Tract 658","G5020","S",153365,0,"+40.6080828","-073.9312005"
"336","36","047","066000","36047066000","660","Census Tract 660","G5020","S",152314,0,"+40.6090466","-073.9280800"
"337","36","047","005601","36047005601","56.01","Census Tract 56.01","G5020","S",179490,202473,"+40.6143871","-074.0397670"
"338","36","047","005602","36047005602","56.02","Census Tract 56.02","G5020","S",163472,336451,"+40.6112789","-074.0373691"
"339","36","047","005800","36047005800","58","Census Tract 58","G5020","S",193316,0,"+40.6190887","-074.0321884"
"340","36","047","005900","36047005900","59","Census Tract 59","G5020","S",357347,0,"+40.6794000","-074.0060998"
"341","36","047","006000","36047006000","60","Census Tract 60","G5020","S",152260,0,"+40.6220831","-074.0316042"
"342","36","047","006200","36047006200","62","Census Tract 62","G5020","S",162273,0,"+40.6249110","-074.0304459"
"343","36","047","006300","36047006300","63","Census Tract 63","G5020","S",100899,0,"+40.6819738","-074.0013029"
"344","36","047","006400","36047006400","64","Census Tract 64","G5020","S",203176,0,"+40.6289253","-074.0288094"
"345","36","047","006500","36047006500","65","Census Tract 65","G5020","S",250928,0,"+40.6790574","-073.9994590"
"346","36","047","006600","36047006600","66","Census Tract 66","G5020","S",153740,0,"+40.6321309","-074.0274985"
"347","36","047","006700","36047006700","67","Census Tract 67","G5020","S",156140,0,"+40.6841759","-073.9972232"
"348","36","047","006800","36047006800","68","Census Tract 68","G5020","S",185509,0,"+40.6351749","-074.0262304"
"349","36","047","006900","36047006900","69","Census Tract 69","G5020","S",179082,0,"+40.6852348","-073.9917012"
"350","36","047","007000","36047007000","70","Census Tract 70","G5020","S",147277,0,"+40.6381681","-074.0243104"
"351","36","047","007100","36047007100","71","Census Tract 71","G5020","S",167532,3828,"+40.6830210","-073.9861157"
"352","36","047","007200","36047007200","72","Census Tract 72","G5020","S",65759,0,"+40.6403426","-074.0204484"
"353","36","047","007400","36047007400","74","Census Tract 74","G5020","S",143657,0,"+40.6418670","-074.0170733"
"354","36","047","007500","36047007500","75","Census Tract 75","G5020","S",282781,0,"+40.6812953","-073.9920163"
"355","36","047","007600","36047007600","76","Census Tract 76","G5020","S",138697,0,"+40.6440892","-074.0146726"
"356","36","047","007700","36047007700","77","Census Tract 77","G5020","S",392069,0,"+40.6769912","-073.9952490"
"357","36","047","007800","36047007800","78","Census Tract 78","G5020","S",138114,0,"+40.6463204","-074.0123370"
"358","36","047","008000","36047008000","80","Census Tract 80","G5020","S",135433,0,"+40.6485378","-074.0099676"
"359","36","047","008200","36047008200","82","Census Tract 82","G5020","S",134740,0,"+40.6507698","-074.0076247"
"360","36","047","008400","36047008400","84","Census Tract 84","G5020","S",237389,0,"+40.6538853","-074.0044100"
"361","36","047","008500","36047008500","85","Census Tract 85","G5020","S",243452,0,"+40.6758571","-074.0064742"
"362","36","047","025000","36047025000","250","Census Tract 250","G5020","S",173506,0,"+40.6236257","-073.9958382"
"363","36","047","025100","36047025100","251","Census Tract 251","G5020","S",138489,0,"+40.6878546","-073.9493878"
"364","36","047","025200","36047025200","252","Census Tract 252","G5020","S",181275,0,"+40.6198289","-073.9921391"
"365","36","047","025300","36047025300","253","Census Tract 253","G5020","S",161836,0,"+40.6926220","-073.9503366"
"366","36","047","025400","36047025400","254","Census Tract 254","G5020","S",175492,0,"+40.6166972","-073.9838448"
"367","36","047","025500","36047025500","255","Census Tract 255","G5020","S",138635,0,"+40.6973922","-073.9512862"
"368","36","047","025600","36047025600","256","Census Tract 256","G5020","S",173279,0,"+40.6149950","-073.9856662"
"369","36","047","025700","36047025700","257","Census Tract 257","G5020","S",181120,0,"+40.6982180","-073.9473445"
"370","36","047","025800","36047025800","258","Census Tract 258","G5020","S",170222,0,"+40.6132884","-073.9874098"
"371","36","047","025901","36047025901","259.01","Census Tract 259.01","G5020","S",80237,0,"+40.6949675","-073.9462240"
"372","36","047","025902","36047025902","259.02","Census Tract 259.02","G5020","S",59594,0,"+40.6969660","-073.9451540"
"373","36","047","026000","36047026000","260","Census Tract 260","G5020","S",162865,0,"+40.6169171","-073.9923457"
"374","36","047","026100","36047026100","261","Census Tract 261","G5020","S",199418,0,"+40.6923989","-073.9457142"
"375","36","047","026200","36047026200","262","Census Tract 262","G5020","S",157859,0,"+40.6187285","-073.9970786"
"376","36","047","026300","36047026300","263","Census Tract 263","G5020","S",119604,0,"+40.6894684","-073.9451314"
"377","36","047","026400","36047026400","264","Census Tract 264","G5020","S",189454,0,"+40.6148679","-073.9974816"
"378","36","047","026500","36047026500","265","Census Tract 265","G5020","S",159608,0,"+40.6869045","-073.9446206"
"379","36","047","026600","36047026600","266","Census Tract 266","G5020","S",165897,0,"+40.6126303","-073.9903254"
"380","36","047","026700","36047026700","267","Census Tract 267","G5020","S",159562,0,"+40.6839731","-073.9440382"
"381","36","047","026800","36047026800","268","Census Tract 268","G5020","S",178970,0,"+40.6104494","-073.9903619"
"382","36","047","026900","36047026900","269","Census Tract 269","G5020","S",133946,0,"+40.6812827","-073.9433173"
"383","36","047","027000","36047027000","270","Census Tract 270","G5020","S",134003,0,"+40.6058611","-073.9899850"
"384","36","047","027200","36047027200","272","Census Tract 272","G5020","S",132147,0,"+40.6081765","-073.9927384"
"385","36","047","027300","36047027300","273","Census Tract 273","G5020","S",149700,0,"+40.6810841","-073.9374383"
"386","36","047","027400","36047027400","274","Census Tract 274","G5020","S",163366,0,"+40.6109495","-073.9952920"
"387","36","047","027500","36047027500","275","Census Tract 275","G5020","S",162078,0,"+40.6838975","-073.9381789"
"388","36","047","027600","36047027600","276","Census Tract 276","G5020","S",149396,0,"+40.6108964","-073.9994890"
"389","36","047","027700","36047027700","277","Census Tract 277","G5020","S",162108,0,"+40.6868289","-073.9387604"
"390","36","047","112600","36047112600","1126","Census Tract 1126","G5020","S",168500,0,"+40.6648986","-073.8931118"
"391","36","047","112800","36047112800","1128","Census Tract 1128","G5020","S",184193,0,"+40.6617411","-073.8921088"
"392","36","047","113000","36047113000","1130","Census Tract 1130","G5020","S",193974,0,"+40.6621691","-073.8964704"
"393","36","047","113200","36047113200","1132","Census Tract 1132","G5020","S",198135,0,"+40.6612558","-073.8988897"
"394","36","047","113400","36047113400","1134","Census Tract 1134","G5020","S",153420,0,"+40.6677793","-073.8996082"
"395","36","047","114201","36047114201","1142.01","Census Tract 1142.01","G5020","S",296793,0,"+40.6804227","-073.8973066"
"396","36","047","114202","36047114202","1142.02","Census Tract 1142.02","G5020","S",114166,0,"+40.6823970","-073.8912342"
"397","36","047","114600","36047114600","1146","Census Tract 1146","G5020","S",160101,0,"+40.6792066","-073.8923418"
"398","36","047","115000","36047115000","1150","Census Tract 1150","G5020","S",158244,0,"+40.6739223","-073.8865225"
"399","36","047","115200","36047115200","1152","Census Tract 1152","G5020","S",166136,0,"+40.6732693","-073.8909301"
"400","36","047","115600","36047115600","1156","Census Tract 1156","G5020","S",159862,0,"+40.6683267","-073.8958947"
"401","36","047","115800","36047115800","1158","Census Tract 1158","G5020","S",154981,0,"+40.6688809","-073.8921624"
"402","36","047","116000","36047116000","1160","Census Tract 1160","G5020","S",151414,0,"+40.6694195","-073.8885305"
"403","36","047","116200","36047116200","1162","Census Tract 1162","G5020","S",143448,0,"+40.6699382","-073.8850349"
"404","36","047","116400","36047116400","1164","Census Tract 1164","G5020","S",181565,0,"+40.6705099","-073.8811822"
"405","36","047","116600","36047116600","1166","Census Tract 1166","G5020","S",159392,0,"+40.6745627","-073.8822052"
"406","36","047","116800","36047116800","1168","Census Tract 1168","G5020","S",143956,0,"+40.6789908","-073.8825160"
"407","36","047","117000","36047117000","1170","Census Tract 1170","G5020","S",153814,0,"+40.6776000","-073.8861810"
"408","36","047","117201","36047117201","1172.01","Census Tract 1172.01","G5020","S",129147,0,"+40.6808117","-073.8875149"
"409","36","047","117202","36047117202","1172.02","Census Tract 1172.02","G5020","S",151827,0,"+40.6827365","-073.8837650"
"410","36","047","117400","36047117400","1174","Census Tract 1174","G5020","S",212859,0,"+40.6828584","-073.8797862"
"411","36","047","117601","36047117601","1176.01","Census Tract 1176.01","G5020","S",152356,0,"+40.6847798","-073.8768792"
"412","36","047","117602","36047117602","1176.02","Census Tract 1176.02","G5020","S",143799,0,"+40.6862350","-073.8744475"
"413","36","047","117800","36047117800","1178","Census Tract 1178","G5020","S",140257,0,"+40.6816528","-073.8742887"
"414","36","047","118000","36047118000","1180","Census Tract 1180","G5020","S",774114,0,"+40.6894045","-073.8779572"
"415","36","047","012600","36047012600","126","Census Tract 126","G5020","S",226477,0,"+40.6347464","-074.0190561"
"416","36","047","027100","36047027100","271","Census Tract 271","G5020","S",261822,0,"+40.6787263","-073.9368676"
"417","36","047","030500","36047030500","305","Census Tract 305","G5020","S",322484,0,"+40.6773162","-073.9590607"
"418","36","047","034800","36047034800","348","Census Tract 348","G5020","S",575522,99096,"+40.5811474","-073.9833076"
"419","36","047","044900","36047044900","449","Census Tract 449","G5020","S",2118823,213888,"+40.7176049","-073.9299840"
"420","36","047","046000","36047046000","460","Census Tract 460","G5020","S",196068,0,"+40.6321630","-073.9657330"
"421","36","047","076800","36047076800","768","Census Tract 768","G5020","S",303358,0,"+40.6188042","-073.9608017"
"422","36","047","094600","36047094600","946","Census Tract 946","G5020","S",281769,0,"+40.6446169","-073.9232797"
"423","36","047","105804","36047105804","1058.04","Census Tract 1058.04","G5020","S",761898,30120,"+40.6450840","-073.8812223"
"424","36","047","119800","36047119800","1198","Census Tract 1198","G5020","S",326888,0,"+40.6763148","-073.8943856"
"425","36","047","152200","36047152200","1522","Census Tract 1522","G5020","S",389973,0,"+40.6439742","-073.9671836"
"426","36","047","000501","36047000501","5.01","Census Tract 5.01","G5020","S",83724,0,"+40.6958143","-073.9947007"
"427","36","047","000502","36047000502","5.02","Census Tract 5.02","G5020","S",96812,0,"+40.6951345","-073.9928612"
"428","36","047","001500","36047001500","15","Census Tract 15","G5020","S",305446,0,"+40.6942748","-073.9830225"
"429","36","047","035601","36047035601","356.01","Census Tract 356.01","G5020","S",64291,0,"+40.5809306","-073.9696827"
"430","36","047","035602","36047035602","356.02","Census Tract 356.02","G5020","S",174771,0,"+40.5778698","-073.9701982"
"431","36","047","037401","36047037401","374.01","Census Tract 374.01","G5020","S",225524,0,"+40.5879979","-073.9677549"
"432","36","047","037402","36047037402","374.02","Census Tract 374.02","G5020","S",300797,0,"+40.5867949","-073.9719966"
"433","36","047","050801","36047050801","508.01","Census Tract 508.01","G5020","S",78240,0,"+40.6512352","-073.9607363"
"434","36","047","050803","36047050803","508.03","Census Tract 508.03","G5020","S",56086,0,"+40.6539088","-073.9606234"
"435","36","047","050804","36047050804","508.04","Census Tract 508.04","G5020","S",103103,0,"+40.6528350","-073.9635730"
"436","36","047","051001","36047051001","510.01","Census Tract 510.01","G5020","S",76942,0,"+40.6461218","-073.9597677"
"437","36","047","028200","36047028200","282","Census Tract 282","G5020","S",180820,58653,"+40.6002500","-074.0054401"
"438","36","047","028300","36047028300","283","Census Tract 283","G5020","S",121876,0,"+40.6952563","-073.9404379"
"439","36","047","028400","36047028400","284","Census Tract 284","G5020","S",164257,0,"+40.6056742","-073.9989428"
"440","36","047","028501","36047028501","285.01","Census Tract 285.01","G5020","S",83241,0,"+40.6994266","-073.9420907"
"441","36","047","028502","36047028502","285.02","Census Tract 285.02","G5020","S",119870,0,"+40.6974508","-073.9408852"
"442","36","047","028600","36047028600","286","Census Tract 286","G5020","S",178028,58731,"+40.5987719","-074.0019272"
"443","36","047","028700","36047028700","287","Census Tract 287","G5020","S",149057,0,"+40.6956337","-073.9354207"
"444","36","047","028800","36047028800","288","Census Tract 288","G5020","S",152808,0,"+40.6045113","-073.9965623"
"445","36","047","028900","36047028900","289","Census Tract 289","G5020","S",165474,0,"+40.6930489","-073.9330068"
"446","36","047","029000","36047029000","290","Census Tract 290","G5020","S",154712,0,"+40.6031741","-073.9943478"
"447","36","047","029100","36047029100","291","Census Tract 291","G5020","S",164644,0,"+40.6904272","-073.9335410"
"448","36","047","029200","36047029200","292","Census Tract 292","G5020","S",199160,96967,"+40.5972222","-074.0007970"
"449","36","047","029300","36047029300","293","Census Tract 293","G5020","S",164460,0,"+40.6874968","-073.9329582"
"450","36","047","029400","36047029400","294","Census Tract 294","G5020","S",188986,66561,"+40.5942770","-074.0005407"
"451","36","047","029500","36047029500","295","Census Tract 295","G5020","S",164586,0,"+40.6845660","-073.9323759"
"452","36","047","029600","36047029600","296","Census Tract 296","G5020","S",214120,0,"+40.6009574","-073.9930188"
"453","36","047","029700","36047029700","297","Census Tract 297","G5020","S",205561,0,"+40.6812727","-073.9316176"
"454","36","047","029800","36047029800","298","Census Tract 298","G5020","S",220827,0,"+40.6008233","-073.9879075"
"455","36","047","029900","36047029900","299","Census Tract 299","G5020","S",143535,0,"+40.6781380","-073.9258330"
"456","36","047","030000","36047030000","300","Census Tract 300","G5020","S",195051,0,"+40.5974031","-073.9887444"
"457","36","047","030100","36047030100","301","Census Tract 301","G5020","S",194432,0,"+40.6776216","-073.9162281"
"458","36","047","030200","36047030200","302","Census Tract 302","G5020","S",211197,0,"+40.5957121","-073.9906470"
"459","36","047","030300","36047030300","303","Census Tract 303","G5020","S",253586,0,"+40.6751160","-073.9179374"
"460","36","047","030400","36047030400","304","Census Tract 304","G5020","S",456759,359335,"+40.5903112","-073.9964693"
"461","36","047","030600","36047030600","306","Census Tract 306","G5020","S",193681,0,"+40.5911556","-073.9861335"
"462","36","047","030700","36047030700","307","Census Tract 307","G5020","S",265636,0,"+40.6755740","-073.9262028"
"463","36","047","030800","36047030800","308","Census Tract 308","G5020","S",684056,0,"+40.5865418","-073.9795129"
"464","36","047","030900","36047030900","309","Census Tract 309","G5020","S",142626,0,"+40.6760588","-073.9329861"
"465","36","047","031100","36047031100","311","Census Tract 311","G5020","S",145858,0,"+40.6764143","-073.9390103"
"466","36","047","031300","36047031300","313","Census Tract 313","G5020","S",173959,0,"+40.6765685","-073.9443073"
"467","36","047","031400","36047031400","314","Census Tract 314","G5020","S",870179,391453,"+40.5845064","-073.9941004"
"468","36","047","040400","36047040400","404","Census Tract 404","G5020","S",153660,0,"+40.6021856","-073.9854194"
"469","36","047","040500","36047040500","405","Census Tract 405","G5020","S",137931,0,"+40.6815808","-073.9051926"
"470","36","047","040600","36047040600","406","Census Tract 406","G5020","S",147049,0,"+40.6005116","-073.9823218"
"471","36","047","040700","36047040700","407","Census Tract 407","G5020","S",504652,0,"+40.6843029","-073.9012184"
"472","36","047","040800","36047040800","408","Census Tract 408","G5020","S",152930,0,"+40.6012012","-073.9791341"
"473","36","047","040900","36047040900","409","Census Tract 409","G5020","S",168053,0,"+40.6910417","-073.9046452"
"474","36","047","041000","36047041000","410","Census Tract 410","G5020","S",142871,0,"+40.6009797","-073.9754514"
"475","36","047","041100","36047041100","411","Census Tract 411","G5020","S",134954,0,"+40.6878791","-073.9071495"
"476","36","047","041200","36047041200","412","Census Tract 412","G5020","S",165322,0,"+40.6041574","-073.9741916"
"477","36","047","041300","36047041300","413","Census Tract 413","G5020","S",162167,0,"+40.6898146","-073.9106200"
"478","36","047","041401","36047041401","414.01","Census Tract 414.01","G5020","S",135123,0,"+40.6017065","-073.9710654"
"479","36","047","041402","36047041402","414.02","Census Tract 414.02","G5020","S",154008,0,"+40.6024158","-073.9679374"
"480","36","047","041500","36047041500","415","Census Tract 415","G5020","S",162692,0,"+40.6919502","-073.9143896"
"481","36","047","041600","36047041600","416","Census Tract 416","G5020","S",162560,0,"+40.6024112","-073.9634864"
"482","36","047","041700","36047041700","417","Census Tract 417","G5020","S",141142,0,"+40.6937625","-073.9179179"
"483","36","047","041800","36047041800","418","Census Tract 418","G5020","S",164322,0,"+40.6054000","-073.9648517"
"484","36","047","041900","36047041900","419","Census Tract 419","G5020","S",153013,0,"+40.6953233","-073.9210331"
"485","36","047","049300","36047049300","493","Census Tract 493","G5020","S",228008,0,"+40.7078076","-073.9413538"
"486","36","047","049400","36047049400","494","Census Tract 494","G5020","S",183077,0,"+40.6429642","-073.9738207"
"487","36","047","049500","36047049500","495","Census Tract 495","G5020","S",129103,0,"+40.7123628","-073.9433572"
"488","36","047","049600","36047049600","496","Census Tract 496","G5020","S",202972,0,"+40.6436870","-073.9804383"
"489","36","047","049700","36047049700","497","Census Tract 497","G5020","S",165231,0,"+40.7162254","-073.9446004"
"490","36","047","049800","36047049800","498","Census Tract 498","G5020","S",204347,0,"+40.6454295","-073.9826813"
"491","36","047","049900","36047049900","499","Census Tract 499","G5020","S",141036,0,"+40.7209167","-073.9468849"
"492","36","047","050000","36047050000","500","Census Tract 500","G5020","S",198510,0,"+40.6482579","-073.9774537"
"493","36","047","050100","36047050100","501","Census Tract 501","G5020","S",174304,0,"+40.7157329","-073.9489472"
"494","36","047","050202","36047050202","502.02","Census Tract 502.02","G5020","S",138655,0,"+40.6534936","-073.9753253"
"495","36","047","066200","36047066200","662","Census Tract 662","G5020","S",231462,0,"+40.6093052","-073.9243720"
"496","36","047","067000","36047067000","670","Census Tract 670","G5020","S",208266,0,"+40.6127246","-073.9227642"
"497","36","047","042000","36047042000","420","Census Tract 420","G5020","S",168644,0,"+40.6092377","-073.9643322"
"498","36","047","042100","36047042100","421","Census Tract 421","G5020","S",153377,0,"+40.6970293","-073.9240384"
"499","36","047","042200","36047042200","422","Census Tract 422","G5020","S",227670,0,"+40.6068679","-073.9699880"
"500","36","047","042300","36047042300","423","Census Tract 423","G5020","S",182228,0,"+40.6990021","-073.9272887"
"501","36","047","042400","36047042400","424","Census Tract 424","G5020","S",161032,0,"+40.6067483","-073.9760484"
"502","36","047","042500","36047042500","425","Census Tract 425","G5020","S",167840,0,"+40.7014485","-073.9309587"
"503","36","047","042600","36047042600","426","Census Tract 426","G5020","S",170006,0,"+40.6056750","-073.9801891"
"504","36","047","042700","36047042700","427","Census Tract 427","G5020","S",149074,0,"+40.7036936","-073.9271843"
"505","36","047","042800","36047042800","428","Census Tract 428","G5020","S",164705,0,"+40.6056458","-073.9843266"
"506","36","047","042900","36047042900","429","Census Tract 429","G5020","S",168134,0,"+40.7017991","-073.9234556"
"507","36","047","043000","36047043000","430","Census Tract 430","G5020","S",160029,0,"+40.6092493","-073.9842020"
"508","36","047","043100","36047043100","431","Census Tract 431","G5020","S",168208,0,"+40.6996605","-073.9196980"
"509","36","047","043200","36047043200","432","Census Tract 432","G5020","S",148819,0,"+40.6106815","-073.9806847"
"510","36","047","043300","36047043300","433","Census Tract 433","G5020","S",168245,0,"+40.6975220","-073.9159390"
"511","36","047","043400","36047043400","434","Census Tract 434","G5020","S",139658,0,"+40.6100424","-073.9769277"
"512","36","047","043500","36047043500","435","Census Tract 435","G5020","S",168158,0,"+40.6953840","-073.9121802"
"513","36","047","043600","36047043600","436","Census Tract 436","G5020","S",137521,0,"+40.6131300","-073.9778573"
"514","36","047","043700","36047043700","437","Census Tract 437","G5020","S",167128,0,"+40.6932405","-073.9084407"
"515","36","047","043800","36047043800","438","Census Tract 438","G5020","S",156069,0,"+40.6103301","-073.9710945"
"516","36","047","043900","36047043900","439","Census Tract 439","G5020","S",199558,0,"+40.6975122","-073.9093710"
"517","36","047","044000","36047044000","440","Census Tract 440","G5020","S",201548,0,"+40.6130385","-073.9709769"
"518","36","047","044100","36047044100","441","Census Tract 441","G5020","S",141811,0,"+40.7014036","-073.9140585"
"519","36","047","044200","36047044200","442","Census Tract 442","G5020","S",182831,0,"+40.6123965","-073.9655936"
"520","36","047","044300","36047044300","443","Census Tract 443","G5020","S",166471,0,"+40.7032963","-073.9167103"
"521","36","047","008600","36047008600","86","Census Tract 86","G5020","S",113543,0,"+40.6479769","-074.0037438"
"522","36","047","008800","36047008800","88","Census Tract 88","G5020","S",189369,0,"+40.6502102","-074.0014031"
"523","36","047","009000","36047009000","90","Census Tract 90","G5020","S",148494,0,"+40.6472568","-073.9972994"
"524","36","047","009200","36047009200","92","Census Tract 92","G5020","S",113217,0,"+40.6453168","-073.9993384"
"525","36","047","009400","36047009400","94","Census Tract 94","G5020","S",151026,0,"+40.6433565","-074.0013789"
"526","36","047","009600","36047009600","96","Census Tract 96","G5020","S",150752,0,"+40.6460153","-074.0057847"
"527","36","047","009800","36047009800","98","Census Tract 98","G5020","S",151006,0,"+40.6437764","-074.0081153"
"528","36","047","010000","36047010000","100","Census Tract 100","G5020","S",150970,0,"+40.6415355","-074.0104457"
"529","36","047","010100","36047010100","101","Census Tract 101","G5020","S",309532,0,"+40.6583838","-073.9997781"
"530","36","047","010200","36047010200","102","Census Tract 102","G5020","S",152450,0,"+40.6392844","-074.0127872"
"531","36","047","010400","36047010400","104","Census Tract 104","G5020","S",152312,0,"+40.6366240","-074.0083814"
"532","36","047","010600","36047010600","106","Census Tract 106","G5020","S",150932,0,"+40.6388746","-074.0060400"
"533","36","047","010800","36047010800","108","Census Tract 108","G5020","S",150979,0,"+40.6411160","-074.0037106"
"534","36","047","011000","36047011000","110","Census Tract 110","G5020","S",158059,0,"+40.6445789","-073.9927738"
"535","36","047","011200","36047011200","112","Census Tract 112","G5020","S",171313,0,"+40.6422528","-073.9956749"
"536","36","047","011400","36047011400","114","Census Tract 114","G5020","S",167792,0,"+40.6394233","-073.9992118"
"537","36","047","011600","36047011600","116","Census Tract 116","G5020","S",160266,0,"+40.6358731","-074.0036488"
"538","36","047","011700","36047011700","117","Census Tract 117","G5020","S",202566,0,"+40.6685527","-073.9933231"
"539","36","047","011800","36047011800","118","Census Tract 118","G5020","S",219234,0,"+40.6351044","-074.0114899"
"540","36","047","012000","36047012000","120","Census Tract 120","G5020","S",192970,0,"+40.6327787","-074.0117219"
"541","36","047","012100","36047012100","121","Census Tract 121","G5020","S",148056,0,"+40.6714790","-073.9910490"
"542","36","047","012200","36047012200","122","Census Tract 122","G5020","S",191347,0,"+40.6380784","-074.0176257"
"543","36","047","012700","36047012700","127","Census Tract 127","G5020","S",163391,0,"+40.6817476","-073.9828507"
"544","36","047","012801","36047012801","128.01","Census Tract 128.01","G5020","S",114978,0,"+40.6308009","-074.0133028"
"545","36","047","012901","36047012901","129.01","Census Tract 129.01","G5020","S",136889,0,"+40.6817265","-073.9785276"
"546","36","047","012902","36047012902","129.02","Census Tract 129.02","G5020","S",127063,0,"+40.6807693","-073.9760267"
"547","36","047","013000","36047013000","130","Census Tract 130","G5020","S",176429,0,"+40.6325873","-074.0213843"
"548","36","047","013100","36047013100","131","Census Tract 131","G5020","S",156385,0,"+40.6777175","-073.9796019"
"549","36","047","050300","36047050300","503","Census Tract 503","G5020","S",125308,0,"+40.7122018","-073.9474623"
"550","36","047","050400","36047050400","504","Census Tract 504","G5020","S",232493,0,"+40.6487119","-073.9735497"
"551","36","047","050500","36047050500","505","Census Tract 505","G5020","S",169412,0,"+40.7080520","-073.9449451"
"552","36","047","050600","36047050600","506","Census Tract 506","G5020","S",164685,0,"+40.6489784","-073.9668581"
"553","36","047","050700","36047050700","507","Census Tract 507","G5020","S",174635,0,"+40.7014080","-073.9470118"
"554","36","047","050900","36047050900","509","Census Tract 509","G5020","S",141790,0,"+40.7032772","-073.9505645"
"555","36","047","051100","36047051100","511","Census Tract 511","G5020","S",159004,0,"+40.7075596","-073.9485791"
"556","36","047","051200","36047051200","512","Census Tract 512","G5020","S",139882,0,"+40.6465525","-073.9633611"
"557","36","047","051300","36047051300","513","Census Tract 513","G5020","S",259327,0,"+40.7117883","-073.9521808"
"558","36","047","051400","36047051400","514","Census Tract 514","G5020","S",181082,0,"+40.6427917","-073.9614284"
"559","36","047","051500","36047051500","515","Census Tract 515","G5020","S",186641,0,"+40.7191334","-073.9505274"
"560","36","047","051700","36047051700","517","Census Tract 517","G5020","S",187367,0,"+40.7206502","-073.9545002"
"561","36","047","051800","36047051800","518","Census Tract 518","G5020","S",201332,0,"+40.6379909","-073.9607951"
"562","36","047","051900","36047051900","519","Census Tract 519","G5020","S",273632,0,"+40.7157200","-073.9551691"
"563","36","047","052000","36047052000","520","Census Tract 520","G5020","S",190572,0,"+40.6374454","-073.9641875"
"564","36","047","052300","36047052300","523","Census Tract 523","G5020","S",142095,0,"+40.7116894","-073.9588115"
"565","36","047","052500","36047052500","525","Census Tract 525","G5020","S",125394,0,"+40.7088970","-073.9599897"
"566","36","047","052600","36047052600","526","Census Tract 526","G5020","S",169330,0,"+40.6364701","-073.9666777"
"567","36","047","052700","36047052700","527","Census Tract 527","G5020","S",190608,0,"+40.7084053","-073.9537053"
"568","36","047","052800","36047052800","528","Census Tract 528","G5020","S",175596,0,"+40.6308472","-073.9626086"
"569","36","047","052900","36047052900","529","Census Tract 529","G5020","S",174892,0,"+40.7058714","-073.9545060"
"570","36","047","053000","36047053000","530","Census Tract 530","G5020","S",173246,0,"+40.6273634","-073.9637344"
"571","36","047","053100","36047053100","531","Census Tract 531","G5020","S",161566,0,"+40.7007299","-073.9541749"
"572","36","047","053200","36047053200","532","Census Tract 532","G5020","S",174306,0,"+40.6262195","-073.9602546"
"573","36","047","053300","36047053300","533","Census Tract 533","G5020","S",193797,0,"+40.7037756","-073.9573649"
"574","36","047","044400","36047044400","444","Census Tract 444","G5020","S",174542,0,"+40.6157674","-073.9693220"
"575","36","047","044500","36047044500","445","Census Tract 445","G5020","S",166139,0,"+40.7049927","-073.9197067"
"576","36","047","044600","36047044600","446","Census Tract 446","G5020","S",141398,0,"+40.6152294","-073.9760576"
"577","36","047","044700","36047044700","447","Census Tract 447","G5020","S",159120,0,"+40.7066641","-073.9226498"
"578","36","047","044800","36047044800","448","Census Tract 448","G5020","S",218870,0,"+40.6180934","-073.9732468"
"579","36","047","045000","36047045000","450","Census Tract 450","G5020","S",226393,0,"+40.6216296","-073.9728811"
"580","36","047","045200","36047045200","452","Census Tract 452","G5020","S",186317,0,"+40.6201743","-073.9681621"
"581","36","047","045300","36047045300","453","Census Tract 453","G5020","S",319760,0,"+40.7065882","-073.9289498"
"582","36","047","045400","36047045400","454","Census Tract 454","G5020","S",132316,0,"+40.6186826","-073.9650024"
"583","36","047","045600","36047045600","456","Census Tract 456","G5020","S",153654,0,"+40.6261630","-073.9666205"
"584","36","047","045800","36047045800","458","Census Tract 458","G5020","S",179384,0,"+40.6257018","-073.9690061"
"585","36","047","046201","36047046201","462.01","Census Tract 462.01","G5020","S",128313,0,"+40.6276229","-073.9735164"
"586","36","047","046202","36047046202","462.02","Census Tract 462.02","G5020","S",177112,0,"+40.6245015","-073.9742801"
"587","36","047","046400","36047046400","464","Census Tract 464","G5020","S",169085,0,"+40.6245752","-073.9783945"
"588","36","047","046800","36047046800","468","Census Tract 468","G5020","S",286569,0,"+40.6214938","-073.9807596"
"589","36","047","047000","36047047000","470","Census Tract 470","G5020","S",181813,0,"+40.6255890","-073.9867507"
"590","36","047","047200","36047047200","472","Census Tract 472","G5020","S",172804,0,"+40.6270361","-073.9841274"
"591","36","047","047400","36047047400","474","Census Tract 474","G5020","S",175872,0,"+40.6286836","-073.9823658"
"592","36","047","047600","36047047600","476","Census Tract 476","G5020","S",207177,0,"+40.6305694","-073.9805808"
"593","36","047","047700","36047047700","477","Census Tract 477","G5020","S",219292,0,"+40.7182382","-073.9421434"
"594","36","047","047800","36047047800","478","Census Tract 478","G5020","S",221220,0,"+40.6333984","-073.9788744"
"595","36","047","048000","36047048000","480","Census Tract 480","G5020","S",154087,0,"+40.6302924","-073.9744758"
"596","36","047","048100","36047048100","481","Census Tract 481","G5020","S",151301,0,"+40.7138604","-073.9384989"
"597","36","047","048200","36047048200","482","Census Tract 482","G5020","S",195749,0,"+40.6332232","-073.9695207"
"598","36","047","048400","36047048400","484","Census Tract 484","G5020","S",209196,0,"+40.6342861","-073.9736271"
"599","36","047","013200","36047013200","132","Census Tract 132","G5020","S",154704,0,"+40.6279937","-074.0156512"
"600","36","047","013300","36047013300","133","Census Tract 133","G5020","S",148501,0,"+40.6751825","-073.9813092"
"601","36","047","013400","36047013400","134","Census Tract 134","G5020","S",268235,0,"+40.6295241","-074.0202705"
"602","36","047","013500","36047013500","135","Census Tract 135","G5020","S",151867,0,"+40.6728110","-073.9833133"
"603","36","047","013600","36047013600","136","Census Tract 136","G5020","S",215895,0,"+40.6268831","-074.0225642"
"604","36","047","013700","36047013700","137","Census Tract 137","G5020","S",152453,0,"+40.6703973","-073.9853274"
"605","36","047","013800","36047013800","138","Census Tract 138","G5020","S",162579,0,"+40.6243111","-074.0255174"
"606","36","047","013900","36047013900","139","Census Tract 139","G5020","S",151331,0,"+40.6679862","-073.9873365"
"607","36","047","014000","36047014000","140","Census Tract 140","G5020","S",146456,0,"+40.6207738","-074.0196672"
"608","36","047","014100","36047014100","141","Census Tract 141","G5020","S",165483,0,"+40.6654413","-073.9893778"
"609","36","047","014200","36047014200","142","Census Tract 142","G5020","S",201499,0,"+40.6224953","-074.0224830"
"610","36","047","014300","36047014300","143","Census Tract 143","G5020","S",217158,0,"+40.6636240","-073.9926592"
"611","36","047","014500","36047014500","145","Census Tract 145","G5020","S",218505,0,"+40.6613838","-073.9949908"
"612","36","047","014700","36047014700","147","Census Tract 147","G5020","S",108084,0,"+40.6598876","-073.9896397"
"613","36","047","014800","36047014800","148","Census Tract 148","G5020","S",133459,0,"+40.6167077","-074.0129610"
"614","36","047","014900","36047014900","149","Census Tract 149","G5020","S",247180,0,"+40.6624407","-073.9851561"
"615","36","047","015000","36047015000","150","Census Tract 150","G5020","S",133505,0,"+40.6153783","-074.0107586"
"616","36","047","015100","36047015100","151","Census Tract 151","G5020","S",149311,0,"+40.6656890","-073.9825855"
"617","36","047","015300","36047015300","153","Census Tract 153","G5020","S",150477,0,"+40.6681002","-073.9805759"
"618","36","047","015400","36047015400","154","Census Tract 154","G5020","S",920671,0,"+40.6111832","-074.0189070"
"619","36","047","015500","36047015500","155","Census Tract 155","G5020","S",149645,0,"+40.6705136","-073.9785613"
"620","36","047","015700","36047015700","157","Census Tract 157","G5020","S",167428,0,"+40.6730524","-073.9764165"
"621","36","047","015900","36047015900","159","Census Tract 159","G5020","S",250844,0,"+40.6751927","-073.9730700"
"622","36","047","016000","36047016000","160","Census Tract 160","G5020","S",258790,0,"+40.6189793","-074.0268696"
"623","36","047","016100","36047016100","161","Census Tract 161","G5020","S",182398,0,"+40.6798885","-073.9731895"
"624","36","047","016200","36047016200","162","Census Tract 162","G5020","S",241566,0,"+40.6132207","-074.0313280"
"625","36","047","027800","36047027800","278","Census Tract 278","G5020","S",160472,0,"+40.6068585","-074.0012211"
"626","36","047","027900","36047027900","279","Census Tract 279","G5020","S",161924,0,"+40.6897594","-073.9393446"
"627","36","047","028000","36047028000","280","Census Tract 280","G5020","S",145981,49260,"+40.6011057","-074.0073298"
"628","36","047","028100","36047028100","281","Census Tract 281","G5020","S",161938,0,"+40.6926888","-073.9399286"
"629","36","047","082000","36047082000","820","Census Tract 820","G5020","S",148600,0,"+40.6534530","-073.9513097"
"630","36","047","082200","36047082200","822","Census Tract 822","G5020","S",169861,0,"+40.6532888","-073.9544282"
"631","36","047","082400","36047082400","824","Census Tract 824","G5020","S",214344,0,"+40.6488473","-073.9493580"
"632","36","047","082600","36047082600","826","Census Tract 826","G5020","S",199091,0,"+40.6450647","-073.9489732"
"633","36","047","082800","36047082800","828","Census Tract 828","G5020","S",156676,0,"+40.6409911","-073.9496047"
"634","36","047","083000","36047083000","830","Census Tract 830","G5020","S",201785,0,"+40.6408870","-073.9455028"
"635","36","047","083200","36047083200","832","Census Tract 832","G5020","S",145549,0,"+40.6415240","-073.9416243"
"636","36","047","083400","36047083400","834","Census Tract 834","G5020","S",125994,0,"+40.6415499","-073.9384751"
"637","36","047","083600","36047083600","836","Census Tract 836","G5020","S",208197,0,"+40.6371028","-073.9351273"
"638","36","047","083800","36047083800","838","Census Tract 838","G5020","S",166942,0,"+40.6417561","-073.9351350"
"639","36","047","084000","36047084000","840","Census Tract 840","G5020","S",170057,0,"+40.6419943","-073.9312920"
"640","36","047","084600","36047084600","846","Census Tract 846","G5020","S",166530,0,"+40.6422850","-073.9274549"
"641","36","047","084800","36047084800","848","Census Tract 848","G5020","S",137502,0,"+40.6464270","-073.9278611"
"642","36","047","085000","36047085000","850","Census Tract 850","G5020","S",144613,0,"+40.6457434","-073.9323160"
"643","36","047","085200","36047085200","852","Census Tract 852","G5020","S",402008,0,"+40.6470029","-073.9382411"
"644","36","047","085400","36047085400","854","Census Tract 854","G5020","S",128750,0,"+40.6443465","-073.9438760"
"645","36","047","085600","36047085600","856","Census Tract 856","G5020","S",158646,0,"+40.6486244","-073.9448276"
"646","36","047","085800","36047085800","858","Census Tract 858","G5020","S",133472,0,"+40.6502075","-073.9390272"
"647","36","047","086000","36047086000","860","Census Tract 860","G5020","S",174109,0,"+40.6499956","-073.9329233"
"648","36","047","086200","36047086200","862","Census Tract 862","G5020","S",140147,0,"+40.6502164","-073.9282257"
"649","36","047","086400","36047086400","864","Census Tract 864","G5020","S",152300,0,"+40.6543372","-073.9238222"
"650","36","047","086600","36047086600","866","Census Tract 866","G5020","S",156523,0,"+40.6563750","-073.9267616"
"651","36","047","086800","36047086800","868","Census Tract 868","G5020","S",174580,0,"+40.6543124","-073.9297309"
"652","36","047","118201","36047118201","1182.01","Census Tract 1182.01","G5020","S",126387,0,"+40.6879085","-073.8718976"
"653","36","047","118202","36047118202","1182.02","Census Tract 1182.02","G5020","S",124325,0,"+40.6886646","-073.8690021"
"654","36","047","118400","36047118400","1184","Census Tract 1184","G5020","S",204944,0,"+40.6843041","-073.8694100"
"655","36","047","118600","36047118600","1186","Census Tract 1186","G5020","S",131527,0,"+40.6814659","-073.8677811"
"656","36","047","118800","36047118800","1188","Census Tract 1188","G5020","S",174374,0,"+40.6790412","-073.8659139"
"657","36","047","119200","36047119200","1192","Census Tract 1192","G5020","S",225854,0,"+40.6771157","-073.8781552"
"658","36","047","119400","36047119400","1194","Census Tract 1194","G5020","S",182839,0,"+40.6725527","-073.8770602"
"659","36","047","119600","36047119600","1196","Census Tract 1196","G5020","S",306528,0,"+40.6758980","-073.8731663"
"660","36","047","120000","36047120000","1200","Census Tract 1200","G5020","S",150529,0,"+40.6748774","-073.8672723"
"661","36","047","120800","36047120800","1208","Census Tract 1208","G5020","S",483314,0,"+40.6713064","-073.8651605"
"662","36","047","121000","36047121000","1210","Census Tract 1210","G5020","S",160699,0,"+40.6700551","-073.8722312"
"663","36","047","121400","36047121400","1214","Census Tract 1214","G5020","S",170194,0,"+40.6674646","-073.8651719"
"664","36","047","122000","36047122000","1220","Census Tract 1220","G5020","S",1096120,0,"+40.6637054","-073.8627976"
"665","36","047","054600","36047054600","546","Census Tract 546","G5020","S",180667,0,"+40.6131411","-073.9531239"
"666","36","047","120200","36047120200","1202","Census Tract 1202","G5020","S",153055,0,"+40.6763414","-073.8643639"
"667","36","047","072600","36047072600","726","Census Tract 726","G5020","S",275167,0,"+40.6324139","-073.9338762"
"668","36","047","004600","36047004600","46","Census Tract 46","G5020","S",299874,511787,"+40.6274603","-074.0417324"
"669","36","047","061002","36047061002","610.02","Census Tract 610.02","G5020","S",221585,304248,"+40.5748504","-073.9563566"
"670","36","047","061600","36047061600","616","Census Tract 616","G5020","S",737722,920371,"+40.5766902","-073.9426554"
"671","36","047","067200","36047067200","672","Census Tract 672","G5020","S",174237,0,"+40.6187470","-073.9278042"
"672","36","047","067400","36047067400","674","Census Tract 674","G5020","S",189209,0,"+40.6198305","-073.9302723"
"673","36","047","067600","36047067600","676","Census Tract 676","G5020","S",155374,0,"+40.6249950","-073.9272011"
"674","36","047","067800","36047067800","678","Census Tract 678","G5020","S",166222,0,"+40.6261489","-073.9227790"
"675","36","047","051002","36047051002","510.02","Census Tract 510.02","G5020","S",107068,0,"+40.6487514","-073.9603672"
"676","36","047","051601","36047051601","516.01","Census Tract 516.01","G5020","S",116043,0,"+40.6386247","-073.9567096"
"677","36","047","051602","36047051602","516.02","Census Tract 516.02","G5020","S",91014,0,"+40.6416145","-073.9581438"
"678","36","047","061003","36047061003","610.03","Census Tract 610.03","G5020","S",79591,0,"+40.5814205","-073.9587054"
"679","36","047","061004","36047061004","610.04","Census Tract 610.04","G5020","S",224739,0,"+40.5798725","-073.9557672"
"680","36","047","069601","36047069601","696.01","Census Tract 696.01","G5020","S",456931,47776,"+40.6271699","-073.9153676"
"681","36","047","069602","36047069602","696.02","Census Tract 696.02","G5020","S",688167,172866,"+40.6228458","-073.9088401"
"682","36","047","079601","36047079601","796.01","Census Tract 796.01","G5020","S",110399,0,"+40.6565964","-073.9582723"
"683","36","047","079602","36047079602","796.02","Census Tract 796.02","G5020","S",134994,0,"+40.6527602","-073.9576551"
"684","36","047","079801","36047079801","798.01","Census Tract 798.01","G5020","S",129680,0,"+40.6600109","-073.9587186"
"685","36","047","079802","36047079802","798.02","Census Tract 798.02","G5020","S",106372,0,"+40.6579907","-073.9613712"
"686","36","047","105801","36047105801","1058.01","Census Tract 1058.01","G5020","S",416072,0,"+40.6492620","-073.8806341"
"687","36","047","990100","36047990100","9901","Census Tract 9901","G5020","S",0,17793514,"+40.5649933","-074.0148865"
"688","36","047","016300","36047016300","163","Census Tract 163","G5020","S",184092,0,"+40.6791843","-073.9700051"
"689","36","047","016400","36047016400","164","Census Tract 164","G5020","S",798020,644240,"+40.6067615","-074.0301151"
"690","36","047","016500","36047016500","165","Census Tract 165","G5020","S",186462,0,"+40.6699732","-073.9740433"
"691","36","047","016700","36047016700","167","Census Tract 167","G5020","S",168915,0,"+40.6642969","-073.9787754"
"692","36","047","016800","36047016800","168","Census Tract 168","G5020","S",171510,114579,"+40.6032351","-074.0168695"
"693","36","047","016900","36047016900","169","Census Tract 169","G5020","S",209461,0,"+40.6592927","-073.9812838"
"694","36","047","017000","36047017000","170","Census Tract 170","G5020","S",209047,0,"+40.6101331","-074.0126340"
"695","36","047","017100","36047017100","171","Census Tract 171","G5020","S",208251,0,"+40.6569654","-073.9768592"
"696","36","047","017200","36047017200","172","Census Tract 172","G5020","S",206303,0,"+40.6088823","-074.0103463"
"697","36","047","017400","36047017400","174","Census Tract 174","G5020","S",170483,86463,"+40.6035123","-074.0121070"
"698","36","047","017500","36047017500","175","Census Tract 175","G5020","S",1961397,0,"+40.6521348","-073.9902393"
"699","36","047","017600","36047017600","176","Census Tract 176","G5020","S",142505,74662,"+40.6019273","-074.0088041"
"700","36","047","017700","36047017700","177","Census Tract 177","G5020","S",2268005,269971,"+40.6594272","-073.9695588"
"701","36","047","017800","36047017800","178","Census Tract 178","G5020","S",164020,0,"+40.6069686","-074.0047234"
"702","36","047","017900","36047017900","179","Census Tract 179","G5020","S",158819,0,"+40.6842454","-073.9713339"
"703","36","047","018000","36047018000","180","Census Tract 180","G5020","S",176116,0,"+40.6083001","-074.0071512"
"704","36","047","018100","36047018100","181","Census Tract 181","G5020","S",168843,0,"+40.6877750","-073.9723679"
"705","36","047","018200","36047018200","182","Census Tract 182","G5020","S",165467,0,"+40.6124597","-074.0026813"
"706","36","047","018300","36047018300","183","Census Tract 183","G5020","S",137311,0,"+40.6913760","-073.9714779"
"707","36","047","018400","36047018400","184","Census Tract 184","G5020","S",149131,0,"+40.6137054","-074.0071447"
"708","36","047","018501","36047018501","185.01","Census Tract 185.01","G5020","S",104670,0,"+40.6946997","-073.9741388"
"709","36","047","018600","36047018600","186","Census Tract 186","G5020","S",113058,0,"+40.6156439","-074.0051063"
"710","36","047","018700","36047018700","187","Census Tract 187","G5020","S",80870,0,"+40.6945722","-073.9706210"
"711","36","047","087000","36047087000","870","Census Tract 870","G5020","S",155718,0,"+40.6541803","-073.9334039"
"712","36","047","087200","36047087200","872","Census Tract 872","G5020","S",147204,0,"+40.6536754","-073.9366498"
"713","36","047","087401","36047087401","874.01","Census Tract 874.01","G5020","S",130596,0,"+40.6604744","-073.9384588"
"714","36","047","087600","36047087600","876","Census Tract 876","G5020","S",142213,0,"+40.6606478","-073.9357059"
"715","36","047","087800","36047087800","878","Census Tract 878","G5020","S",151415,0,"+40.6588465","-073.9310338"
"716","36","047","088000","36047088000","880","Census Tract 880","G5020","S",182479,0,"+40.6615193","-073.9310226"
"717","36","047","088200","36047088200","882","Census Tract 882","G5020","S",203180,0,"+40.6604945","-073.9259818"
"718","36","047","088400","36047088400","884","Census Tract 884","G5020","S",167059,0,"+40.6622281","-073.9245506"
"719","36","047","088600","36047088600","886","Census Tract 886","G5020","S",179725,0,"+40.6574880","-073.9206765"
"720","36","047","088800","36047088800","888","Census Tract 888","G5020","S",199703,0,"+40.6539393","-073.9180628"
"721","36","047","089000","36047089000","890","Census Tract 890","G5020","S",248414,0,"+40.6569877","-073.9154892"
"722","36","047","089200","36047089200","892","Census Tract 892","G5020","S",179594,0,"+40.6632809","-073.9219219"
"723","36","047","089400","36047089400","894","Census Tract 894","G5020","S",172215,0,"+40.6615039","-073.9164852"
"724","36","047","089600","36047089600","896","Census Tract 896","G5020","S",149024,0,"+40.6580074","-073.9124095"
"725","36","047","089800","36047089800","898","Census Tract 898","G5020","S",154357,0,"+40.6627861","-073.9137077"
"726","36","047","090000","36047090000","900","Census Tract 900","G5020","S",246799,0,"+40.6662517","-073.9198136"
"727","36","047","090200","36047090200","902","Census Tract 902","G5020","S",190560,0,"+40.6675531","-073.9150074"
"728","36","047","090600","36047090600","906","Census Tract 906","G5020","S",195832,0,"+40.6701302","-073.9088595"
"729","36","047","090800","36047090800","908","Census Tract 908","G5020","S",296443,0,"+40.6713225","-073.9047719"
"730","36","047","091000","36047091000","910","Census Tract 910","G5020","S",212068,0,"+40.6657515","-073.9034065"
"731","36","047","091200","36047091200","912","Census Tract 912","G5020","S",167237,0,"+40.6651290","-073.9076346"
"732","36","047","091600","36047091600","916","Census Tract 916","G5020","S",215640,0,"+40.6591038","-073.9091012"
"733","36","047","091800","36047091800","918","Census Tract 918","G5020","S",209632,0,"+40.6616527","-073.9045855"
"734","36","047","092000","36047092000","920","Census Tract 920","G5020","S",235210,0,"+40.6585694","-073.9030203"
"735","36","047","092200","36047092200","922","Census Tract 922","G5020","S",160628,0,"+40.6552353","-073.9063728"
"736","36","047","092800","36047092800","928","Census Tract 928","G5020","S",157293,0,"+40.6524800","-073.9117734"
"737","36","047","068000","36047068000","680","Census Tract 680","G5020","S",168859,0,"+40.6213764","-073.9251879"
"738","36","047","068200","36047068200","682","Census Tract 682","G5020","S",202229,0,"+40.6166469","-073.9241304"
"739","36","047","068600","36047068600","686","Census Tract 686","G5020","S",148006,0,"+40.6148226","-073.9172817"
"740","36","047","068800","36047068800","688","Census Tract 688","G5020","S",156912,0,"+40.6172158","-073.9191004"
"741","36","047","069000","36047069000","690","Census Tract 690","G5020","S",172913,0,"+40.6199654","-073.9206701"
"742","36","047","069200","36047069200","692","Census Tract 692","G5020","S",182215,0,"+40.6236755","-073.9200888"
"743","36","047","069800","36047069800","698","Census Tract 698","G5020","S",500250,120721,"+40.6111895","-073.9172125"
"744","36","047","070000","36047070000","700","Census Tract 700","G5020","S",201893,0,"+40.6200459","-073.9067408"
"745","36","047","070201","36047070201","702.01","Census Tract 702.01","G5020","S",1074076,177944,"+40.6089645","-073.9081434"
"746","36","047","070202","36047070202","702.02","Census Tract 702.02","G5020","S",5210763,1677452,"+40.5913868","-073.8901359"
"747","36","047","070203","36047070203","702.03","Census Tract 702.03","G5020","S",6267191,15964269,"+40.6091314","-073.8658406"
"748","36","047","070600","36047070600","706","Census Tract 706","G5020","S",1650661,902713,"+40.6125404","-073.8942552"
"749","36","047","072000","36047072000","720","Census Tract 720","G5020","S",158220,0,"+40.6288502","-073.9200468"
"750","36","047","072200","36047072200","722","Census Tract 722","G5020","S",257178,0,"+40.6319999","-073.9243887"
"751","36","047","072400","36047072400","724","Census Tract 724","G5020","S",192192,0,"+40.6341061","-073.9270557"
"752","36","047","072800","36047072800","728","Census Tract 728","G5020","S",212050,0,"+40.6294856","-073.9270042"
"753","36","047","073000","36047073000","730","Census Tract 730","G5020","S",184737,0,"+40.6262017","-073.9298437"
"754","36","047","073200","36047073200","732","Census Tract 732","G5020","S",159999,0,"+40.6279280","-073.9336058"
"755","36","047","073400","36047073400","734","Census Tract 734","G5020","S",151105,0,"+40.6278153","-073.9374778"
"756","36","047","073600","36047073600","736","Census Tract 736","G5020","S",178333,0,"+40.6240389","-073.9357949"
"757","36","047","073800","36047073800","738","Census Tract 738","G5020","S",180572,0,"+40.6224096","-073.9390772"
"758","36","047","074000","36047074000","740","Census Tract 740","G5020","S",162388,0,"+40.6273942","-073.9412567"
"759","36","047","074200","36047074200","742","Census Tract 742","G5020","S",174327,0,"+40.6269944","-073.9449753"
"760","36","047","074400","36047074400","744","Census Tract 744","G5020","S",171049,0,"+40.6223172","-073.9431063"
